model_vec,best_params,train_score,test_score,sensitivity,specificity,precision,f1_score,tn,fp,fn,tp
lr_cvec,"{'cvec__max_df': 0.5, 'cvec__max_features': None, 'cvec__ngram_range': (1, 2), 'cvec__preprocessor': None, 'lr__C': 1, 'lr__penalty': 'l2'}",0.7420980536975585,0.753482972136223,0.7507668711656442,0.75625,0.7583268783888458,0.7545279383429672,1936,624,650,1958
lr_tvec,"{'lr__C': 10, 'lr__penalty': 'l2', 'tvec__max_df': 0.5, 'tvec__max_features': None, 'tvec__ngram_range': (1, 2), 'tvec__preprocessor': None}",0.7484202806586845,0.7573529411764706,0.7653374233128835,0.74921875,0.756633813495072,0.7609607319862752,1918,642,612,1996
knn_cvec,"{'cvec__max_df': 0.5, 'cvec__max_features': 5000, 'cvec__ngram_range': (1, 2), 'cvec__preprocessor': None, 'knn__n_neighbors': 3, 'knn__weights': 'distance'}",0.5949557582881692,0.5984907120743034,0.40644171779141103,0.794140625,0.6679269061121613,0.5053635280095351,2033,527,1548,1060
knn_tvec,"{'knn__n_neighbors': 3, 'knn__weights': 'distance', 'tvec__max_df': 0.5, 'tvec__max_features': 5000, 'tvec__ngram_range': (1, 1), 'tvec__preprocessor': None}",0.5763140090085405,0.5888157894736842,0.25881901840490795,0.925,0.7785467128027682,0.38848920863309355,2368,192,1933,675
nb_cvec,"{'cvec__max_df': 0.5, 'cvec__max_features': None, 'cvec__ngram_range': (1, 2), 'cvec__preprocessor': None, 'nb__alpha': 1}",0.7540319980027255,0.7521284829721362,0.7557515337423313,0.7484375,0.7537284894837476,0.7547386559448592,1916,644,637,1971
nb_tvec,"{'nb__alpha': 1, 'tvec__max_df': 0.5, 'tvec__max_features': None, 'tvec__ngram_range': (1, 2), 'tvec__preprocessor': None}",0.7539030697693772,0.7561919504643962,0.7668711656441718,0.7453125,0.7541478129713424,0.7604562737642586,1908,652,608,2000
rf_cvec,"{'cvec__max_df': 0.9, 'cvec__max_features': None, 'cvec__ngram_range': (1, 2), 'cvec__preprocessor': None, 'rf__max_depth': None, 'rf__min_samples_leaf': 1, 'rf__n_estimators': 100}",0.7148111431276072,0.7250386996904025,0.6844325153374233,0.76640625,0.7490558120016786,0.7152875175315568,1962,598,823,1785
rf_tvec,"{'rf__max_depth': None, 'rf__min_samples_leaf': 1, 'rf__n_estimators': 150, 'tvec__max_df': 0.5, 'tvec__max_features': None, 'tvec__ngram_range': (1, 1), 'tvec__preprocessor': None}",0.7100371160187662,0.7265866873065016,0.7024539877300614,0.751171875,0.7420008100445524,0.7216860350600749,1923,637,776,1832
ada_cvec,"{'ada__learning_rate': 0.5, 'ada__n_estimators': 100, 'cvec__max_df': 0.5, 'cvec__max_features': None, 'cvec__ngram_range': (1, 1), 'cvec__preprocessor': None}",0.631595947197054,0.6395123839009288,0.8063650306748467,0.46953125,0.6076278532216123,0.6930301532377656,1202,1358,505,2103
ada_tvec,"{'ada__learning_rate': 1.0, 'ada__n_estimators': 100, 'tvec__max_df': 0.5, 'tvec__max_features': 5000, 'tvec__ngram_range': (1, 2), 'tvec__preprocessor': None}",0.6392720974503542,0.6397058823529411,0.7960122699386503,0.48046875,0.6095126247798004,0.6903890921183905,1230,1330,532,2076
gb_cvec,"{'cvec__max_df': 0.5, 'cvec__max_features': 5000, 'cvec__ngram_range': (1, 2), 'cvec__preprocessor': None, 'gb__learning_rate': 0.5, 'gb__max_depth': 4, 'gb__n_estimators': 200}",0.694103733447067,0.6878869969040248,0.763420245398773,0.6109375,0.6665550719785738,0.7117068811438784,1564,996,617,1991
gb_tvec,"{'gb__learning_rate': 0.5, 'gb__max_depth': 4, 'gb__n_estimators': 200, 'tvec__max_df': 0.5, 'tvec__max_features': None, 'tvec__ngram_range': (1, 1), 'tvec__preprocessor': None}",0.686620757091885,0.6803405572755418,0.7220092024539877,0.637890625,0.6701067615658363,0.6950904392764857,1633,927,725,1883
